"id","name","supertype","subtypes","hp","types","rarity","retreatCost","convertedRetreatCost","AbilityName","AbilityText","Attack1Name","Attack1Cost","Attack1ConvertedCost","Attack1Damage","Attack1Text","Attack2Name","Attack2Cost","Attack2ConvertedCost","Attack2Damage","Attack2Text"
"gym1-1","Blaine's Moltres","Pokemon","Basic","90","Fire","Rare Holo","Colorless, Colorless, Colorless","3","","","Phoenix Flame","Fire, Fire, Fire, Fire, Fire","5","90","Flip a coin. If tails, shuffle Blaine's Moltres and all cards attached to it into your deck (after doing damage).","","","","",""
"gym1-2","Brock's Rhydon","Pokemon","Stage 1","80","Fighting","Rare Holo","Colorless, Colorless, Colorless","3","Bench Guard","As long as Brock's Rhydon is Benched, whenever 1 of your Benched Pokemon is damaged, you may do 10 of that damage to Brock's Rhydon instead. (If more than 1 of your Benched Pokemon is damaged at the same time, you may use this power once for each of them.)","Lariat","Fighting, Fighting, Colorless, Colorless","4","70","Flip a coin. If tails, this attack does nothing.","","","","",""
"gym1-3","Erika's Clefable","Pokemon","Stage 1","70","Colorless","Rare Holo","Colorless, Colorless","2","","","Fairy Power","Colorless","1","","Flip a coin. If heads, you may return any number of your Pokemon in play and all cards attached to them to your hand.","Moon Impact","Colorless, Colorless, Colorless","3","30",""
"gym1-4","Erika's Dragonair","Pokemon","Stage 1","80","Colorless","Rare Holo","Colorless, Colorless","2","","","Blizzard","Colorless, Colorless, Colorless","3","30","Flip a coin. If heads, this attack does 10 damage to each of your opponent's Benched Pokemon. If tails, this attack does 10 damage to each of your own Benched Pokemon. (Don't apply Weakness and Resistance for Benched Pokemon.)","Take Away","Colorless, Colorless, Colorless, Colorless","4","","Shuffle Erika's Dragonair and all cards attached to it into your deck. Then, your opponent shuffles his or her Active Pokemon and all cards attached to it into his or her deck."
"gym1-5","Erika's Vileplume","Pokemon","Stage 2","80","Grass","Rare Holo","Colorless, Colorless","2","Pollen Defense","If an attack does damage to Erika's Vileplume while it's your Active Pokemon (even if it's Knocked Out), flip a coin. If heads, your opponent's Active Pokemon is now Confused. This power works even while Erika's Vileplume is Asleep, Confused, or Paralyzed.","Mega Drain","Grass, Grass, Grass","3","30","If Erika's Vileplume does damage to the Defending Pokemon (after applying Weakness and Resistance), remove a number of damage counters from Erika's Vileplume equal to half the damage done to the Defending Pokemon (rounded up to the nearest 10). If Erika's Vileplume has fewer damage counters than that, remove all of them.","","","","",""
"gym1-6","Lt. Surge's Electabuzz","Pokemon","Basic","70","Lightning","Rare Holo","Colorless, Colorless","2","","","Charge","Lightning","1","","Take up to 2 Lightning Energy cards from your discard pile and attach them to Lt. Surge's Electabuzz.","Discharge","Lightning","1","30x","Discard all Lightning Energy cards attached to Lt. Surge's Electabuzz in order to use this attack. Flip a number of coins equal to the number of Lightning Energy cards you discarded. This attack does 30 damage times the number of heads."
"gym1-7","Lt. Surge's Fearow","Pokemon","Stage 1","70","Colorless","Rare Holo","","0","","","Repeating Drill","Colorless, Colorless","2","10x","Flip 5 coins. This attack does 10 damage times the number of heads.","Clutch","Colorless, Colorless, Colorless","3","30","The Defending Pokemon can't retreat during your opponent's next turn."
"gym1-8","Lt. Surge's Magneton","Pokemon","Stage 1","70","Lightning","Rare Holo","Colorless, Colorless","2","Energy Charge","As often as you like during your turn (before your attack), if Lt. Surge's Magneton is your Active Pokemon, you may take 1 Lightning Energy card attached to 1 of your Pokemon and attach it to Lt. Surge's Magneton. This power can't be used if Lt. Surge's Magneton is Asleep, Confused, or Paralyzed.","Mega Shock","Lightning, Lightning, Lightning, Colorless","4","50","Flip a coin. If tails, Lt. Surge's Magneton does 20 damage to itself.","","","","",""
"gym1-9","Misty's Seadra","Pokemon","Stage 1","70","Water","Rare Holo","Colorless","1","","","Tail Snap","Water","1","20","","Knockout Needle","Water, Water, Water","3","30+","Flip 2 coins. If both of them are heads, this attack does 30 damage plus 60 more damage. If 1 or both of them are tails, this attack does 30 damage."
"gym1-10","Misty's Tentacruel","Pokemon","Stage 1","70","Water","Rare Holo","","0","Flee","If an attack does damage to Misty's Tentacruel while it's your Active Pokemon, you may switch it with 1 of your Benched Pokemon, which prevents all other effects of that attack on Misty's Tentacruel. This power can't be used if Misty's Tentacruel is already Asleep, Confused, or Paralyzed.","Jellyfish Poison","Water, Water, Colorless, Colorless","4","30","Flip a coin. If heads, the Defending Pokemon is now Poisoned. If tails, the Defending Pokemon is now Confused.","","","","",""
"gym1-11","Rocket's Hitmonchan","Pokemon","Basic","60","Fighting","Rare Holo","Colorless","1","","","Crosscounter","Fighting","1","","If an attack does damage to Rocket's Hitmonchan during your opponent's next turn (even if Rocket's Hitmonchan is Knocked Out), flip a coin. If heads, Rocket's Hitmonchan attacks your opponent's Active Pokemon for double that amount of damage. (If Rocket's Hitmonchan takes 20 damage, it does 40 damage to that Pokemon.)","Magnum Punch","Fighting, Fighting, Colorless","3","50",""
"gym1-12","Rocket's Moltres","Pokemon","Basic","60","Fire","Rare Holo","Colorless, Colorless","2","Rebirth","When Rocket's Moltres is Knocked Out, you may return it to your hand after discarding it. This power can't be used if Rocket's Moltres is Asleep, Confused, or Paralyzed when it is Knocked Out.","Fire Wall","Fire, Fire, Fire","3","40","If an attack does damage to Rocket's Moltres during your opponent's next turn (even if Rocket's Moltres is Knocked Out), Rocket's Moltres attacks your opponent's Active Pokemon for 10 damage. (Apply Weakness and Resistance.)","","","","",""
"gym1-13","Rocket's Scyther","Pokemon","Basic","60","Grass","Rare Holo","Colorless","1","","","Shadow Images","Grass","1","","Whenever Rocket's Scyther is attacked, your opponent flips a coin. If tails, that attack does no damage to Rocket's Scyther. (Any other effects of the attack still happen.) This effect lasts until Rocket's Scyther takes damage (or is Benched or is evolved).","Blinding Scythe","Grass, Colorless, Colorless","3","40",""
"gym1-14","Sabrina's Gengar","Pokemon","Stage 2","80","Psychic","Rare Holo","Colorless","1","","","Pain Amplifier","Psychic","1","","Put a damage counter on each of your opponent's Pokemon has already has any damage counters on it.","Call of the Night","Psychic, Psychic, Psychic","3","40","Unless this attack Knocks Out the Defending Pokemon, flip 2 coins. If both of them are heads, your opponent shuffles his or her Active Pokemon and all cards attached to it into his or her deck."
"gym1-20","Brock's Golem","Pokemon","Stage 2","90","Fighting","Rare","Colorless, Colorless, Colorless, Colorless","4","","","Rock Slide","Fighting, Fighting, Colorless","3","20","If your opponent has any Benched Pokemon, choose up to 3 of them. This attack does 10 damage to each of them. (Don't apply Weakness and Resistance for Benched Pokemon.)","Fissure","Fighting, Fighting, Colorless, Colorless","4","50",""
"gym1-21","Brock's Onix","Pokemon","Basic","70","Fighting","Rare","Colorless, Colorless","2","","","Bind","Fighting, Fighting","2","20","Flip a coin. If heads, the Defending Pokemon is now Paralyzed.","Tunneling","Fighting, Fighting, Fighting","3","","If your opponent has any Benched Pokemon, choose up to 2 of them. This attack does 20 damage to each of them. (Don't apply Weakness and Resistance for Benched Pokemon.) Brock's Onix can't attack during your next turn."
"gym1-22","Brock's Rhyhorn","Pokemon","Basic","60","Fighting","Rare","Colorless, Colorless","2","","","Horn Toss","Colorless, Colorless","2","20","If your opponent has any Benched Pokemon, he or she chooses 1 of them and switches it with the Defending Pokemon. (Do the damage before switching the Pokemon.)","Take Down","Fighting, Fighting, Colorless","3","40","Brock's Rhyhorn does 10 damage to itself."
"gym1-23","Brock's Sandslash","Pokemon","Stage 1","60","Fighting","Rare","Colorless","1","","","Needles","Fighting, Fighting","2","10","Flip a coin. If heads, the Defending Pokemon is now Paralyzed and Poisoned.","Sandstorm","Fighting, Fighting","2","20","If the Defending Pokemon tries to attack during your opponent's next turn, your opponent flips a coin. If tails, that attack does nothing."
"gym1-24","Brock's Zubat","Pokemon","Basic","30","Grass","Rare","","0","","","Alert","Colorless","1","","Draw a card. Then, switch Brock's Zubat with 1 of your Benched Pokemon. You can't use this attack if your Bench is empty.","Wing Attack","Colorless, Colorless","2","20",""
"gym1-25","Erika's Clefairy","Pokemon","Basic","50","Colorless","Rare","Colorless","1","","","Moonwatching","Colorless","1","","Search your deck for a basic Energy card. Show that card to your opponent, then put it into your hand. Shuffle your deck afterward.","Comet Slap","Colorless, Colorless","2","10x","Flip 3 coins. This attack does 10 damage times the number of heads."
"gym1-26","Erika's Victreebel","Pokemon","Stage 2","80","Grass","Rare","Colorless, Colorless","2","Fragrance Trap","Once during your turn (before your attack), you may flip a coin. If heads, and if your opponent has any Benched Pokemon, choose 1 of them and switch it with his or her Active Pokemon. This power can't be used if Erika's Victreebel is Asleep, Confused, or Paralyzed.","Razor Leaf","Grass, Grass, Grass","3","50","","","","","",""
"gym1-27","Lt. Surge's Electabuzz","Pokemon","Basic","60","Lightning","Rare","Colorless, Colorless","2","","","Charge","Lightning","1","","Take up to 2 Lightning Energy cards from your discard pile and attach them to Lt. Surge's Electabuzz.","Electric Current","Lightning, Lightning","2","20","Take 1 Lightning Energy card attached to Lt. Surge's Electabuzz and attach it to 1 of your Benched Pokemon. If you have no Benched Pokemon, discard that Energy card."
"gym1-28","Lt. Surge's Raichu","Pokemon","Stage 1","70","Lightning","Rare","Colorless, Colorless","2","","","Mega Punch","Lightning, Lightning","2","30","","Thunderbolt","Lightning, Lightning, Lightning, Lightning","4","100","Discard all Energy cards attached to Lt. Surge's Raichu in order to use this attack."
"gym1-29","Misty's Cloyster","Pokemon","Stage 1","70","Water","Rare","Colorless, Colorless","2","Shell Armor","You may reduce all damage done by attacks to Misty's Cloyster by 10 (after applying Weakness and Resistance). (Any other effects of attacks still happen). This power can't be used if Misty's Cloyster is Asleep, Confused, or Paralyzed.","Triple Cannon","Water, Water, Colorless","3","20x","Flip 3 coins. This attack does 20 damage times the number of heads.","","","","",""
"gym1-30","Misty's Goldeen","Pokemon","Basic","30","Water","Rare","","0","","","Horn Hazard","Water","1","30","Flip a coin. If tails, this attack does nothing.","","","","",""
"gym1-31","Misty's Poliwrath","Pokemon","Stage 2","90","Water","Rare","Colorless, Colorless, Colorless","3","","","Water Ring","Water, Water, Colorless, Colorless","4","30","Does 10 damage to each Pokemon that isn't Water on each player's Bench. (Don't apply Weakness and Resistance for Benched Pokemon.)","","","","",""
"gym1-32","Misty's Tentacool","Pokemon","Basic","40","Water","Rare","","0","","","Mysterious Light","Colorless","1","","Flip a coin. If heads, the Defending Pokemon is now Asleep.","Jellyfish Pod","Water, Colorless","2","","Search your deck for any number of Pokemon named Tentacool, Tentacruel, Misty's Tentacool, and/or Misty's Tentacruel. Show those cards to your opponent, then put them into your hand. Shuffle your deck afterward."
"gym1-33","Rocket's Snorlax","Pokemon","Basic","90","Colorless","Rare","Colorless, Colorless, Colorless, Colorless","4","Restless Sleep","If your opponent's attack does damage to Rocket's Snorlax and Rocket's Snorlax is already Asleep (even if it's Knocked Out), this power does 20 damage to the attacking Pokemon.","Collapse","Colorless, Colorless, Colorless","3","20","Rocket's Snorlax is now Asleep (after doing damage).","","","","",""
"gym1-34","Sabrina's Venomoth","Pokemon","Stage 1","60","Grass","Rare","","0","","","Healing Pollen","Grass","1","","Flip 3 coins. For each heads, remove 1 damage counter from each of your Pokemon. If a Pokemon has fewer damage counters than the number of heads, remove all of them.","Sonic Distortion","Psychic","1","10","Flip 2 coins. If 1 or both of them are heads, the Defending Pokemon is now Confused."
"gym1-35","Blaine's Growlithe","Pokemon","Basic","50","Fire","Uncommon","Colorless","1","","","Shake","Colorless","1","10","If your opponent has any Benched Pokemon, he or she chooses 1 of them and switches it with the Defending Pokemon. (Do the damage before switching the Pokemon.)","Fire Tackle","Fire, Colorless","2","30","Blaine's Growlithe does 10 damage to itself."
"gym1-36","Blaine's Kangaskhan","Pokemon","Basic","80","Colorless","Uncommon","Colorless, Colorless, Colorless","3","","","Child's Punch","Colorless","1","10","Flip a coin. If tails, this attack does nothing.","One-Two Punch","Colorless, Colorless, Colorless","3","30+","Flip a coin. If heads, this attack does 30 damage plus 10 more damage; if tails, this attack does 30 damage."
"gym1-37","Blaine's Magmar","Pokemon","Basic","60","Fire","Uncommon","Colorless, Colorless","2","","","Firebreathing","Fire","1","10+","Flip a coin. If heads, this attack does 10 damage plus 10 more damage; if tails, this attack does 10 damage.","Lava Burst","Fire, Fire, Fire","3","20x","Discard the top 5 cards of your deck. (If there are fewer than 5 cards in your deck, discard all of them.) This attack does 20 damage for each Fire Energy card you discarded in this way."
"gym1-38","Brock's Geodude","Pokemon","Basic","50","Fighting","Uncommon","Colorless","1","","","Tackle","Colorless","1","10","","Lucky Shot","Fighting, Colorless","2","","Choose 1 of your opponent's Benched Pokemon and flip a coin. If heads, this attack does 30 damage to that Pokemon. (Don't apply Weakness and Resistance for Benched Pokemon.) This attack can't be used if your opponent has no Benched Pokemon."
"gym1-39","Brock's Golbat","Pokemon","Stage 1","70","Grass","Uncommon","Colorless","1","","","Dive","Colorless","1","20","","Spiral Dive","Colorless, Colorless, Colorless","3","","Does 10 damage to each of your opponent's Pokemon. Don't apply Weakness and Resistance."
"gym1-40","Brock's Graveler","Pokemon","Stage 1","70","Fighting","Uncommon","Colorless, Colorless","2","","","Rock Toss","Fighting, Colorless, Colorless","3","20x","Flip 3 coins. This attack does 20 damage times the number of heads.","","","","",""
"gym1-41","Brock's Lickitung","Pokemon","Basic","80","Colorless","Uncommon","Colorless, Colorless, Colorless","3","","","Tongue Slap","Colorless, Colorless","2","20","","Slam","Colorless, Colorless, Colorless","3","30x","Flip 2 coins. This attack does 30 damage times the number of heads."
"gym1-42","Erika's Dratini","Pokemon","Basic","40","Colorless","Uncommon","Colorless","1","Strange Barrier","Whenever an attack by a Basic Pokemon (including your own) does 20 or more damage to Erika's Dratini (after applying Weakness and Resistance), reduce that damage to 10. (Any other effects of attacks still happen.) This power stops working while Erika's Dratini is Asleep, Confused, or Paralyzed.","Tail Strike","Colorless, Colorless","2","10+","Flip a coin. If heads, this attack does 10 damage plus 20 more damage; if tails, this attack does 10 damage.","","","","",""
"gym1-43","Erika's Exeggcute","Pokemon","Basic","50","Grass","Uncommon","Colorless","1","","","Deflector","Psychic","1","","During your opponent's next turn, whenever Erika's Exeggcute takes damage, divide that damage in half (rounded down to the nearest 10). (Any other effects still happen.)","Egg Bomb","Grass, Colorless","2","40","Flip a coin. If tails, this attack does nothing to the Defending Pokemon and Erika's Exeggcute does 20 damage to itself."
"gym1-44","Erika's Exeggutor","Pokemon","Stage 1","70","Grass","Uncommon","Colorless, Colorless","2","","","Psychic Exchange","Psychic","1","","Shuffle your hand into your deck, then draw 5 cards.","Stomp","Grass, Colorless, Colorless","3","30+","Flip a coin. If heads, this attack does 30 damage plus 10 more damage; if tails, this attack does 30 damage."
"gym1-45","Erika's Gloom","Pokemon","Stage 1","60","Grass","Uncommon","Colorless","1","","","Healing Pollen","Grass","1","","Flip a coin. If heads, remove 4 damage counters from Erika's Gloom. If Erika's Gloom has fewer damage counters than that, remove all of them.","Magic Pollen","Grass, Grass, Grass","3","30","Flip a coin. If heads, the Defending Pokemon is now Asleep, Confused, Paralyzed, or Poisoned (your choice)."
"gym1-46","Erika's Gloom","Pokemon","Stage 1","70","Grass","Uncommon","Colorless","1","","","Dream Dance","Grass, Colorless","2","10","Both the Defending Pokemon and Erika's Gloom are now Asleep (after doing damage).","Vile Smell","Grass, Grass, Colorless","3","30","Both the Defending Pokemon and Erika's Gloom are now Confused (after doing damage)."
"gym1-47","Erika's Oddish","Pokemon","Basic","40","Grass","Uncommon","Colorless","1","Photosynthesis","All Energy cards attached to Erika's Oddish provide Grass Energy instead of their usual type. This power works even while Erika's Oddish is Asleep, Confused, or Paralyzed.","Poisonpowder","Grass, Grass","2","20","Flip a coin. If heads, the Defending Pokemon is now Poisoned.","","","","",""
"gym1-48","Erika's Weepinbell","Pokemon","Stage 1","60","Grass","Uncommon","Colorless","1","","","Drool","Grass","1","10","","Flytrap","Grass, Grass","2","20","Before doing damage, choose 1 of your opponent's Benched Pokemon and switch it with his or her Active Pokemon. This attack can't be used if your opponent has no Benched Pokemon."
"gym1-49","Erika's Weepinbell","Pokemon","Stage 1","70","Grass","Uncommon","Colorless, Colorless","2","","","Sleep Poison","Grass, Colorless","2","","The Defending Pokemon is now Asleep and Poisoned.","Vine Whip","Grass, Grass, Colorless","3","40",""
"gym1-50","Lt. Surge's Magnemite","Pokemon","Basic","30","Lightning","Uncommon","","0","","","Removal Pulse","Lightning","1","10","If the Defending Pokemon has any Energy cards attached to it, flip a coin. If heads, choose 1 of those Energy cards and discard it.","Confusion Pulse","Lightning, Lightning","2","20","Flip a coin. If heads, the Defending Pokemon is now Confused."
"gym1-51","Lt. Surge's Raticate","Pokemon","Stage 1","70","Colorless","Uncommon","Colorless","1","","","Super Fang","Colorless","1","?","Does damage to the Defending Pokemon equal to half the Defending Pokemon's remaining HP (rounded up to the nearest 10).","","","","",""
"gym1-52","Lt. Surge's Spearow","Pokemon","Basic","30","Colorless","Uncommon","","0","","","Drill Peck","Colorless","1","20","","","","","",""
"gym1-53","Misty's Poliwhirl","Pokemon","Stage 1","70","Water","Uncommon","Colorless, Colorless","2","","","Rapids","Water, Colorless","2","20","If the Defending Pokemon has any Energy cards attached to it, flip a coin. If heads, choose 1 of those Energy cards and discard it.","Water Punch","Colorless, Colorless, Colorless","3","30+","Flip a number of coins equal to the number of Water Energy attached to Misty's Poliwhirl. This attack does 30 damage plus 10 damage for each heads."
"gym1-54","Misty's Psyduck","Pokemon","Basic","50","Water","Uncommon","Colorless","1","","","Scratch","Colorless","1","10","","Call for Friend","Water","1","","Flip a coin. If heads, you may search your deck for a Basic Pokemon with Misty in its name and put it onto your Bench. (You can't use this attack if your Bench is full.) Shuffle your deck afterward."
"gym1-55","Misty's Seaking","Pokemon","Stage 1","70","Water","Uncommon","Colorless","1","","","Horn Attack","Water","1","10","","Mud Splash","Water, Water","2","30","If your opponent has any Benched Pokemon, choose 1 of them and flip a coin. If heads, this attack does 10 damage to that Pokemon. (Don't apply Weakness and Resistance for Benched Pokemon.)"
"gym1-56","Misty's Starmie","Pokemon","Stage 1","80","Water","Uncommon","Colorless, Colorless","2","","","Water Gun","Water","1","10+","Does 10 damage plus 10 more damage for each Water Energy attached to Misty's Starmie but not used to pay for this attack's Energy cost. You can't add more than 20 damage in this way.","Bubblebeam","Water, Water, Water","3","30","Flip a coin. If heads, the Defending Pokemon is now Paralyzed."
"gym1-57","Misty's Tentacool","Pokemon","Basic","50","Water","Uncommon","Colorless","1","","","Crystal Beam","Water, Colorless","2","20","Flip a coin. If heads, your opponent can't attach Energy cards to the Defending Pokemon during his or her next turn.","","","","",""
"gym1-58","Sabrina's Haunter","Pokemon","Stage 1","50","Psychic","Uncommon","","0","","","Night Spirits","Psychic, Psychic","2","30x","Flip a number of coins equal to the total number of Sabrina's Gastlys, Sabrina's Haunters, and Sabrina's Gengars you have in play. This attack does 30 damage times the number of heads.","","","","",""
"gym1-59","Sabrina's Jynx","Pokemon","Basic","60","Psychic","Uncommon","Colorless","1","","","Good Night","Psychic","1","10","The Defending Pokemon is now Asleep.","Good Morning","Psychic, Colorless","2","20","If the Defending Pokemon was Asleep, it is no longer Asleep."
"gym1-60","Sabrina's Slowbro","Pokemon","Stage 1","70","Psychic","Uncommon","Colorless, Colorless","2","","","Naptime","Psychic","1","","Flip a coin. If heads, remove 3 damage counters from Sabrina's Slowbro and Sabrina's Slowbro is now Asleep. If Sabrina's Slowbro has fewer damage counters than that, remove all of them.","Screaming Headbutt","Psychic, Colorless, Colorless","3","40","You can't use this attack during your next turn."
"gym1-61","Blaine's Charmander","Pokemon","Basic","50","Fire","Common","Colorless","1","","","Kindle","Fire","1","10","Discard 1 Energy card attached to Blaine's Charmander in order to use this attack. If the Defending Pokemon has any Energy cards attached to it, choose 1 of them and discard it.","Slash","Colorless, Colorless","2","20",""
"gym1-62","Blaine's Growlithe","Pokemon","Basic","50","Fire","Common","Colorless","1","","","Blaze","Fire, Fire","2","20","Does 10 damage to each Grass Pokemon on your opponent's Bench. (Don't apply Weakness and Resistance for Benched Pokemon.)","","","","",""
"gym1-63","Blaine's Ponyta","Pokemon","Basic","40","Fire","Common","","0","","","Agility","Fire, Colorless","2","20","Flip a coin. If heads, during your opponent's next turn, prevent all effects of attacks, including damage, done to Blaine's Ponyta.","","","","",""
"gym1-64","Blaine's Tauros","Pokemon","Basic","70","Colorless","Common","Colorless, Colorless","2","","","3-Pronged Tail","Colorless","1","10x","Flip 3 coins. This attack does 10 damage times the number of heads.","Full Speed Charge","Colorless, Colorless, Colorless","3","20x","Flip 4 coins. This attack does 20 damage times the number of heads to the Defending Pokemon and 20 damage times the number of tails to Blaine's Tauros."
"gym1-65","Blaine's Vulpix","Pokemon","Basic","40","Fire","Common","Colorless","1","Natural Healing","Once during your turn (before your attack), you may remove 1 damage counter from Blaine's Vulpix. This power can't be used if Blaine's Vulpix is Asleep, Confused, or Paralyzed.","Tail Fan","Fire, Colorless, Colorless","3","20","Flip a coin. If heads, the Defending Pokemon is now Confused.","","","","",""
"gym1-66","Brock's Geodude","Pokemon","Basic","40","Fighting","Common","Colorless","1","","","Call for Friend","Fighting","1","","Flip a coin. If heads, you may search your deck for a Basic Pokemon card with Brock in its name and put it onto your Bench. Shuffle your deck afterward. (You can't use this attack if your Bench is full.)","Hook Shot","Fighting, Colorless","2","20","Don't apply Resistance for this attack. (Any other effects that would happen after applying Resistance still happen.)"
"gym1-67","Brock's Mankey","Pokemon","Basic","40","Fighting","Common","","0","","","Taunt","Colorless","1","","If your opponent has any Benched Pokemon, choose 1 of them and switch it with the Defending Pokemon.","Light Kick","Fighting","1","10",""
"gym1-68","Brock's Mankey","Pokemon","Basic","40","Fighting","Common","","0","","","Fidget","Colorless","1","","Shuffle your deck.","Karate Chop","Fighting, Colorless","2","40-","Does 40 damage minus 10 damage for each damage counter on Brock's Mankey."
"gym1-69","Brock's Onix","Pokemon","Basic","100","Fighting","Common","Colorless, Colorless, Colorless","3","","","Bellow","Colorless","1","","Flip a coin. If heads, the Defending Pokemon is now Paralyzed.","Rock Throw","Fighting, Fighting, Colorless","3","30",""
"gym1-70","Brock's Rhyhorn","Pokemon","Basic","70","Fighting","Common","Colorless, Colorless, Colorless","3","","","Drill Tackle","Fighting, Colorless","2","70","Flip 2 coins. If 1 or both of them are tails, this attack does nothing.","","","","",""
"gym1-71","Brock's Sandshrew","Pokemon","Basic","40","Fighting","Common","Colorless","1","","","Defense Curl","Colorless","1","","Flip a coin. If heads, prevent all damage done to Brock's Sandshrew during your opponent's next turn. (Any other effects of attacks still happen.)","Rolling Attack","Fighting, Colorless","2","20",""
"gym1-72","Brock's Sandshrew","Pokemon","Basic","50","Fighting","Common","Colorless","1","","","Sand Pit","Fighting, Fighting","2","20","The Defending Pokemon can't retreat during your opponent's next turn.","","","","",""
"gym1-73","Brock's Vulpix","Pokemon","Basic","40","Fire","Common","Colorless","1","","","Flame","Fire","1","20","","Quick Attack","Colorless, Colorless","2","10+","Flip a coin. If heads, this attack does 10 damage plus 20 more damage; if tails, this attack does 10 damage."
"gym1-74","Brock's Zubat","Pokemon","Basic","40","Grass","Common","","0","","","Wing Attack","Colorless","1","10","","Poison Fang","Grass, Colorless","2","20","Flip a coin. If heads, the Defending Pokemon is now Poisoned."
"gym1-75","Erika's Bellsprout","Pokemon","Basic","40","Grass","Common","Colorless","1","","","Poison Vine","Grass","1","10","Flip a coin. If heads, the Defending Pokemon is now Poisoned.","Vine Whip","Grass, Grass","2","30",""
"gym1-76","Erika's Bellsprout","Pokemon","Basic","50","Grass","Common","Colorless","1","","","Careless Tackle","Colorless","1","20","Erika's Bellsprout does 10 damage to itself.","","","","",""
"gym1-77","Erika's Exeggcute","Pokemon","Basic","40","Grass","Common","Colorless","1","","","Eggsplosion","Colorless","1","10x","Flip a number of coins equal to the number of Energy attached to Erika's Exeggcute. This attack does 10 damage times the number of heads.","Psychic","Psychic, Colorless","2","10+","Does 10 damage plus 10 more damage for each Energy card attached to the Defending Pokemon."
"gym1-78","Erika's Oddish","Pokemon","Basic","50","Grass","Common","Colorless","1","","","Blot","Grass","1","10","If there are any damage counters on Erika's Oddish, remove 1 of them.","Sporadic Sponging","Grass, Colorless","2","20","If Erika's Oddish has any damage counters on it, flip a coin. If heads, remove 1 of those damage counters."
"gym1-79","Erika's Tangela","Pokemon","Basic","60","Grass","Common","Colorless, Colorless","2","","","Vine Slap","Grass","1","10","","Stretch Vine","Grass, Grass, Colorless","3","","If your opponent has any Benched Pokemon, choose 1 of them and this attack does 20 damage to it. (Don't apply Weakness and Resistance for Benched Pokemon.)"
"gym1-80","Lt. Surge's Magnemite","Pokemon","Basic","40","Lightning","Common","Colorless","1","","","Thundershock","Lightning","1","10","Flip a coin. If heads, the Defending Pokemon is now Paralyzed.","Tackle","Colorless, Colorless","2","20",""
"gym1-81","Lt. Surge's Pikachu","Pokemon","Basic","50","Lightning","Common","Colorless","1","","","Charge","Colorless","1","","Take 1 Lightning Energy card from your discard pile and attach it to Lt. Surge's Pikachu.","Lightning Tail","Lightning, Lightning","2","20","Flip a coin. If heads, the Defending Pokemon is now Paralyzed."
"gym1-82","Lt. Surge's Rattata","Pokemon","Basic","40","Colorless","Common","Colorless","1","","","Focus Energy","Colorless","1","","During your next turn, Lt. Surge's Rattata's Gnaw attack's base damage is doubled.","Gnaw","Colorless, Colorless","2","20",""
"gym1-83","Lt. Surge's Spearow","Pokemon","Basic","50","Colorless","Common","","0","","","Whirlwind","Colorless","1","10","If your opponent has any Benched Pokemon, he or she chooses 1 of them and switches it with the Defending Pokemon. (Do the damage before switching the Pokemon.)","Razor Wind","Colorless, Colorless","2","40","Flip a coin. If tails, this attack does nothing."
"gym1-84","Lt. Surge's Voltorb","Pokemon","Basic","40","Lightning","Common","Colorless","1","","","Spin Ball","Lightning","1","20x","Flip 1 coin. This attack does 20 damage times the number of heads.","Double Spin","Lightning, Colorless","2","20x","Flip 2 coins. This attack does 20 damage times the number of heads."
"gym1-85","Misty's Goldeen","Pokemon","Basic","40","Water","Common","Colorless","1","","","Fury Attack","Colorless","1","10x","Flip 2 coins. This attack does 10 damage times the number of heads.","Supersonic","Water","1","","Flip a coin. If heads, the Defending Pokemon is now Confused."
"gym1-86","Misty's Horsea","Pokemon","Basic","40","Water","Common","","0","","","Tackle","Water","1","10","","Smokescreen","Water, Water","2","20","If the Defending Pokemon tries to attack during your opponent's next turn, your opponent flips a coin. If tails, that attack does nothing."
"gym1-87","Misty's Poliwag","Pokemon","Basic","50","Water","Common","Colorless","1","","","Hypnotic Stare","Water","1","","Flip a coin. If heads, the Defending Pokemon is now Paralyzed. If tails, the Defending Pokemon is now Asleep.","Tail Rap","Water, Colorless","2","20x","Flip 2 coins. This attack does 20 damage times the number of heads."
"gym1-88","Misty's Seel","Pokemon","Basic","60","Water","Common","Colorless","1","","","Aurora Beam","Water, Colorless","2","20","","","","","",""
"gym1-89","Misty's Shellder","Pokemon","Basic","40","Water","Common","Colorless","1","","","Tackle","Colorless","1","10","","Clamp","Water, Colorless","2","20","Flip a coin. If heads, the Defending Pokemon is now Paralyzed. If tails, this attack does nothing (not even damage)."
"gym1-90","Misty's Staryu","Pokemon","Basic","50","Water","Common","Colorless","1","","","Swift","Water, Colorless","2","20","This attack's damage isn't affected by Weakness, Resistance, Pokemon Powers, or any other effects on the Defending Pokemon.","","","","",""
"gym1-91","Sabrina's Abra","Pokemon","Basic","40","Psychic","Common","","0","","","Energy Loop","Psychic","1","20","Return a Psychic Energy card attached to Sabrina's Abra to your hand in order to use this attack.","","","","",""
"gym1-92","Sabrina's Drowzee","Pokemon","Basic","50","Psychic","Common","Colorless","1","","","Suggestion","Psychic","1","","Flip a coin. If heads, the Defending Pokemon can't attack during your opponent's next turn.","Headbutt","Colorless, Colorless","2","20",""
"gym1-93","Sabrina's Gastly","Pokemon","Basic","50","Psychic","Common","Colorless","1","","","Spook","Psychic, Colorless","2","20","The Defending Pokemon can't retreat during your opponent's next turn.","","","","",""
"gym1-94","Sabrina's Mr. Mime","Pokemon","Basic","50","Psychic","Common","Colorless","1","","","Sleight of Hand","Colorless","1","","Choose up to 3 cards from your hand and put them on top of your deck. Then search your deck for that many basic Energy cards. Show those cards to your opponent, then put them into your hand. Shuffle your deck afterward.","Slap","Psychic, Colorless","2","20",""
"gym1-95","Sabrina's Slowpoke","Pokemon","Basic","50","Psychic","Common","Colorless","1","","","Lazy Attack","Psychic, Colorless","2","30","Sabrina's Slowpoke is now Asleep (after doing damage).","","","","",""
"gym1-96","Sabrina's Venonat","Pokemon","Basic","40","Grass","Common","Colorless","1","","","Poison Antennae","Grass","1","","The Defending Pokemon is now Poisoned.","Removal Beam","Psychic, Colorless","2","20","If the Defending Pokemon has any Energy cards attached to it, flip a coin. If heads, choose 1 of those Energy cards and discard it."
