"id","name","supertype","hp","types","evolvesTo","evolvesFrom","number","artist","rarity","flavorText","nationalPokedexNumbers","regulationMark","imageSmall","imageLarge","legalitiesUnlimited","legalitiesStandard","legalitiesExpanded","retreatCost","convertedRetreatCost","Ability1Name","Ability1Text","Ability1Type","Ability2Name","Ability2Text","Ability2Type","Attack1Name","Attack1Cost","Attack1ConvertedCost","Attack1Damage","Attack1Text","Attack2Name","Attack2Cost","Attack2ConvertedCost","Attack2Damage","Attack2Text","Weakness1Type","Weakness1Value"
"bw10-1","Surskit","Pokémon","50","Grass","Masquerain",,"1","Naoyo Kimura","Common","It appears as if it is skating on water. It draws prey with a sweet scent from the tip of its head.","283",,"https://images.pokemontcg.io/bw10/1.png","https://images.pokemontcg.io/bw10/1_hires.png","Legal",,"Legal","Colorless","1","","","","","","","Sweet Scent","Grass","1","","Heal 20 damage from 1 of your Pokémon.","","","","","","Fire","×2"
"bw10-2","Masquerain","Pokémon","80","Grass","","Surskit","2","5ban Graphics","Rare","Its antennae have eye patterns on them. Its four wings enable it to hover and fly in any direction.","284",,"https://images.pokemontcg.io/bw10/2.png","https://images.pokemontcg.io/bw10/2_hires.png","Legal",,"Legal","Colorless","1","Tool Reversal","As often as you like during your turn (before your attack), you may put a Pokémon Tool card attached to 1 of your Pokémon into your hand.","Ability","","","","Bug Bite","Colorless, Colorless, Colorless","3","60","","","","","","","Fire","×2"
"bw10-3","Lileep","Pokémon","80","Grass","Cradily","Root Fossil Lileep","3","Suwama Chiaki","Uncommon","It lived on the seafloor 100 million years ago and was reanimated scientifically.","345",,"https://images.pokemontcg.io/bw10/3.png","https://images.pokemontcg.io/bw10/3_hires.png","Legal",,"Legal","Colorless, Colorless","2","Prehistoric Call","Once during your turn (before your attack), if this Pokémon is in your discard pile, you may put this Pokémon on the bottom of your deck.","Ability","","","","Spiral Drain","Grass, Colorless","2","20","Heal 10 damage from this Pokémon.","","","","","","Fire","×2"
"bw10-4","Cradily","Pokémon","120","Grass","","Lileep","4","kawayoo","Rare","It lives in the shallows of warm seas. When the tide goes out, it digs up prey from beaches.","346",,"https://images.pokemontcg.io/bw10/4.png","https://images.pokemontcg.io/bw10/4_hires.png","Legal",,"Legal","Colorless, Colorless","2","","","","","","","Lifesplosion","Grass","1","","For each Energy attached to this Pokémon, search your deck for a Stage 2 Pokémon and put it onto your Bench. Shuffle your deck afterward.","Spiral Drain","Grass, Colorless, Colorless","3","60","Heal 20 damage from this Pokémon.","Fire","×2"
"bw10-5","Tropius","Pokémon","100","Grass","",,"5","Shigenori Negishi","Uncommon","It flies by flapping its broad leaves and gives the sweet, delicious fruit around its neck to children.","357",,"https://images.pokemontcg.io/bw10/5.png","https://images.pokemontcg.io/bw10/5_hires.png","Legal",,"Legal","Colorless","1","","","","","","","Return","Grass","1","10","Draw cards until you have 6 cards in your hand.","Energy Press","Grass, Colorless","2","20+","Does 20 more damage for each Energy attached to the Defending Pokémon.","Lightning","×2"
"bw10-6","Karrablast","Pokémon","60","Grass","Escavalier",,"6","match","Common","For some reason they evolve when they receive electrical energy while they are attacking Shelmet.","588",,"https://images.pokemontcg.io/bw10/6.png","https://images.pokemontcg.io/bw10/6_hires.png","Legal",,"Legal","Colorless","1","","","","","","","Peck","Colorless, Colorless","2","20","","","","","","","Fire","×2"
"bw10-7","Shelmet","Pokémon","60","Grass","Accelgor",,"7","Sumiyoshi Kizuki","Common","When it and Karrablast are together, and both receive electrical stimulation, they both evolve.","616",,"https://images.pokemontcg.io/bw10/7.png","https://images.pokemontcg.io/bw10/7_hires.png","Legal",,"Legal","Colorless, Colorless, Colorless","3","","","","","","","Yawn","Colorless","1","","The Defending Pokémon is now Asleep.","Ram","Grass, Colorless","2","20","","Fire","×2"
"bw10-8","Accelgor","Pokémon","80","Grass","","Shelmet","8","5ban Graphics","Rare","When its body dries out, it weakens. So it wraps a membrane around itself for protection while it spits poison.","617",,"https://images.pokemontcg.io/bw10/8.png","https://images.pokemontcg.io/bw10/8_hires.png","Legal",,"Legal","",,"","","","","","","Retribution","Colorless","1","20","If an Escavalier you had in play was Knocked Out by damage from an opponent's attack during his or her last turn, put all Energy attached to the Defending Pokémon into your opponent's hand.","Signal Beam","Grass, Colorless","2","30","The Defending Pokémon is now Confused.","Fire","×2"
"bw10-9","Virizion-EX","Pokémon","170","Grass","",,"9","Ryo Ueda","Rare Holo EX",,"640",,"https://images.pokemontcg.io/bw10/9.png","https://images.pokemontcg.io/bw10/9_hires.png","Legal",,"Legal","Colorless","1","Verdant Wind","Each of your Pokémon that has any Grass Energy attached to it can't be affected by any Special Conditions. (Remove any Special Conditions affecting those Pokémon.)","Ability","","","","Emerald Slash","Grass, Colorless","2","50","You may search your deck for 2 Grass Energy cards and attach them to 1 of your Benched Pokémon. Shuffle your deck afterward.","","","","","","Fire","×2"
"bw10-10","Genesect","Pokémon","100","Grass","",,"10","Masakazu Fukuda","Rare","This Pokémon existed 300 million years ago. Team Plasma altered it and attached a cannon to its back.","649",,"https://images.pokemontcg.io/bw10/10.png","https://images.pokemontcg.io/bw10/10_hires.png","Legal",,"Legal","Colorless","1","","","","","","","Call for Family","Colorless","1","","Search your deck for 2 Grass Basic Pokémon and put them onto your Bench. Shuffle your deck afterward.","Jet Impact","Grass, Grass, Colorless","3","80+","Flip a coin. If heads, this attack does 20 more damage.","Fire","×2"
"bw10-11","Genesect-EX","Pokémon","170","Grass","",,"11","Eske Yoshinob","Rare Holo EX",,"649",,"https://images.pokemontcg.io/bw10/11.png","https://images.pokemontcg.io/bw10/11_hires.png","Legal",,"Legal","Colorless","1","Red Signal","When you attach a Plasma Energy from your hand to this Pokémon, you may switch 1 of your opponent's Benched Pokémon with his or her Active Pokémon.","Ability","","","","Megalo Cannon","Grass, Grass, Colorless","3","100","Does 20 damage to 1 of your opponent's Benched Pokémon. (Don't apply Weakness or Resistance for Benched Pokémon.)","","","","","","Fire","×2"
"bw10-12","Larvesta","Pokémon","70","Fire","Volcarona",,"12","Masakazu Fukuda","Common","Said to have been born from the sun, it spews fire from its horns and encases itself in a cocoon of fire when it evolves.","636",,"https://images.pokemontcg.io/bw10/12.png","https://images.pokemontcg.io/bw10/12_hires.png","Legal",,"Legal","Colorless, Colorless, Colorless","3","","","","","","","Flare","Fire","1","10","","Ember","Fire, Colorless","2","30","Discard an Energy attached to this Pokémon.","Water","×2"
"bw10-13","Volcarona","Pokémon","100","Fire","","Larvesta","13","5ban Graphics","Rare","Thought to be an embodiment of the sun, it appeared during a bitterly cold winter and saved Pokémon from freezing.","637",,"https://images.pokemontcg.io/bw10/13.png","https://images.pokemontcg.io/bw10/13_hires.png","Legal",,"Legal","Colorless","1","","","","","","","Solar Transporter","Colorless","1","","Reveal the top 5 cards of your deck and put all Team Plasma cards you find there into your hand. Discard the other cards.","Leech Life","Fire, Fire, Colorless","3","50","Heal from this Pokémon the same amount of damage you did to the Defending Pokémon.","Water","×2"
"bw10-14","Squirtle","Pokémon","50","Water","Wartortle",,"14","Akira Komayama","Common","It shelters itself in its shell then strikes back with spouts of water at every opportunity.","7",,"https://images.pokemontcg.io/bw10/14.png","https://images.pokemontcg.io/bw10/14_hires.png","Legal",,"Legal","Colorless","1","","","","","","","Bubble","Water","1","","Flip a coin. If heads, the Defending Pokémon is now Paralyzed.","Water Gun","Water, Colorless","2","20","","Grass","×2"
"bw10-15","Wartortle","Pokémon","80","Water","Blastoise","Squirtle","15","Akira Komayama","Uncommon","It is said to live 10,000 years. Its furry tail is popular as a symbol of longevity.","8",,"https://images.pokemontcg.io/bw10/15.png","https://images.pokemontcg.io/bw10/15_hires.png","Legal",,"Legal","Colorless, Colorless","2","","","","","","","Bubble","Water","1","","Flip a coin. If heads, the Defending Pokémon is now Paralyzed.","Double Spin","Water, Colorless, Colorless","3","30×","Flip 2 coins. This attack does 30 damage times the number of heads.","Grass","×2"
"bw10-16","Blastoise","Pokémon","140","Water","","Wartortle","16","Satoshi Shirai","Rare Holo","The jets of water it spouts from the rocket cannons on its shell can punch through thick steel.","9",,"https://images.pokemontcg.io/bw10/16.png","https://images.pokemontcg.io/bw10/16_hires.png","Legal",,"Legal","Colorless, Colorless, Colorless, Colorless","4","Deluge","As often as you like during your turn (before your attack), you may attach a Water Energy card from your hand to 1 of your Pokémon.","Ability","","","","Hydro Pump","Colorless, Colorless, Colorless, Colorless","4","60+","Does 10 more damage for each Water Energy attached to this Pokémon.","","","","","","Grass","×2"
"bw10-17","Lapras","Pokémon","100","Water","",,"17","Kouki Saitou","Common","Able to understand human speech and very intelligent, it loves to swim in the sea with people on its back.","131",,"https://images.pokemontcg.io/bw10/17.png","https://images.pokemontcg.io/bw10/17_hires.png","Legal",,"Legal","Colorless, Colorless","2","","","","","","","Cleanse Away","Water, Colorless","2","","Heal 30 damage from each of your Benched Pokémon.","Surf","Water, Colorless, Colorless, Colorless","4","70","","Metal","×2"
"bw10-18","Remoraid","Pokémon","60","Water","Octillery",,"18","Masakazu Fukuda","Common","The water they shoot from their mouths can hit moving prey from more than 300 feet away.","223",,"https://images.pokemontcg.io/bw10/18.png","https://images.pokemontcg.io/bw10/18_hires.png","Legal",,"Legal","Colorless","1","","","","","","","Bubble Beam","Water, Water","2","20","Flip a coin. If heads, the Defending Pokémon is now Paralyzed.","","","","","","Lightning","×2"
"bw10-19","Octillery","Pokémon","90","Water","","Remoraid","19","5ban Graphics","Uncommon","It has a tendency to want to be in holes. It prefers rock crags or pots and sprays ink from them before attacking.","224",,"https://images.pokemontcg.io/bw10/19.png","https://images.pokemontcg.io/bw10/19_hires.png","Legal",,"Legal","Colorless","1","","","","","","","Sharpshooting","Water","1","","This attack does 30 damage to 1 of your opponent's Pokémon. (Don't apply Weakness and Resistance for Benched Pokémon.)","Bubble Beam","Water, Water","2","40","Flip a coin. If heads, the Defending Pokémon is now Paralyzed.","Lightning","×2"
"bw10-20","Suicune","Pokémon","100","Water","",,"20","kawayoo","Rare","It races around the world to purify fouled water. It dashes away with the north wind.","245",,"https://images.pokemontcg.io/bw10/20.png","https://images.pokemontcg.io/bw10/20_hires.png","Legal",,"Legal","Colorless, Colorless","2","Safeguard","Prevent all effects of attacks, including damage, done to this Pokémon by Pokémon-EX.","Ability","","","","Aurora Beam","Water, Colorless, Colorless","3","70","","","","","","","Grass","×2"
"bw10-21","Snorunt","Pokémon","60","Water","Glalie, Froslass",,"21","Kyoko Umemoto","Common","It is said that several Snorunt gather under giant leaves and live together in harmony.","361",,"https://images.pokemontcg.io/bw10/21.png","https://images.pokemontcg.io/bw10/21_hires.png","Legal",,"Legal","Colorless, Colorless","2","","","","","","","Powder Snow","Water","1","","The Defending Pokémon is now Asleep.","Headbutt","Water, Colorless","2","20","","Metal","×2"
"bw10-22","Glalie","Pokémon","100","Water","","Snorunt","22","5ban Graphics","Uncommon","It prevents prey from escaping by instantaneously freezing moisture in the air.","362",,"https://images.pokemontcg.io/bw10/22.png","https://images.pokemontcg.io/bw10/22_hires.png","Legal",,"Legal","Colorless, Colorless","2","","","","","","","Powder Snow","Water, Colorless","2","30","The Defending Pokémon is now Asleep.","Reflect Energy","Water, Colorless, Colorless","3","60","Move a Water Energy from this Pokémon to 1 of your Benched Pokémon.","Metal","×2"
"bw10-23","Froslass","Pokémon","90","Water","","Snorunt","23","5ban Graphics","Rare","It freezes prey by blowing its -58 degrees F breath. It is said to then secretly display its prey.","478",,"https://images.pokemontcg.io/bw10/23.png","https://images.pokemontcg.io/bw10/23_hires.png","Legal",,"Legal","Colorless","1","Cursed Glare","As long as this Pokémon is your Active Pokémon, your opponent can't attach any Special Energy cards from his or her hand to his or her Pokémon.","Ability","","","","Blizzard","Water, Colorless","2","30","Does 10 damage to each of your opponent's Benched Pokémon. (Don't apply Weakness and Resistance for Benched Pokémon.)","","","","","","Metal","×2"
"bw10-24","Relicanth","Pokémon","90","Water","",,"24","5ban Graphics","Uncommon","A rare Pokémon discovered during a deep-sea exploration. It has not changed in over 100 million years.","369",,"https://images.pokemontcg.io/bw10/24.png","https://images.pokemontcg.io/bw10/24_hires.png","Legal",,"Legal","Colorless","1","","","","","","","Fossil Hunt","Colorless","1","","Put 2 Item cards that have Fossil in their names from your discard pile into your hand.","Water Gun","Water, Colorless","2","30","","Grass","×2"
"bw10-25","Snover","Pokémon","70","Water","Abomasnow",,"25","Shigenori Negishi","Common","Seemingly curious about people, they gather around footsteps they find on snowy mountains.","459",,"https://images.pokemontcg.io/bw10/25.png","https://images.pokemontcg.io/bw10/25_hires.png","Legal",,"Legal","Colorless, Colorless","2","","","","","","","Beat","Colorless, Colorless","2","20","","Razor Leaf","Grass, Grass, Colorless","3","40","","Metal","×2"
"bw10-26","Abomasnow","Pokémon","120","Water","","Snover","26","kawayoo","Uncommon","They appear when the snow flowers bloom. When the petals fall, they retreat to places unknown again.","460",,"https://images.pokemontcg.io/bw10/26.png","https://images.pokemontcg.io/bw10/26_hires.png","Legal",,"Legal","Colorless, Colorless","2","","","","","","","Razor Leaf","Grass, Grass","2","40","","Bang Heads","Grass, Grass, Colorless","3","80","Both this Pokémon and the Defending Pokémon are now Confused.","Metal","×2"
"bw10-27","Tirtouga","Pokémon","90","Water","Carracosta","Cover Fossil","27","Midori Harada","Uncommon","This Pokémon was restored from a fossil. It swam skillfully and dove to depths beyond half a mile.","564",,"https://images.pokemontcg.io/bw10/27.png","https://images.pokemontcg.io/bw10/27_hires.png","Legal",,"Legal","Colorless, Colorless, Colorless","3","Prehistoric Call","Once during your turn (before your attack), if this Pokémon is in your discard pile, you may put this Pokémon on the bottom of your deck.","Ability","","","","Slam","Water, Colorless, Colorless","3","30×","Flip 2 coins. This attack does 30 damage times the number of heads.","","","","","","Grass","×2"
"bw10-28","Carracosta","Pokémon","140","Water","","Tirtouga","28","Mitsuhiro Arita","Rare","It could knock out a foe with a slap from one of its developed front appendages and chew it up, shell or bones and all.","565",,"https://images.pokemontcg.io/bw10/28.png","https://images.pokemontcg.io/bw10/28_hires.png","Legal",,"Legal","Colorless, Colorless, Colorless, Colorless","4","","","","","","","Fossil Clutch","Water, Colorless, Colorless","3","50+","You may discard an Item card that has Fossil in its name from your hand. If you do, this attack does 50 more damage.","Waterfall","Water, Water, Colorless, Colorless","4","80","","Grass","×2"
"bw10-29","Ducklett","Pokémon","60","Water","Swanna",,"29","Naoki Saito","Common","They are better at swimming than flying, and they happily eat their favorite food, peat moss, as they dive underwater.","580",,"https://images.pokemontcg.io/bw10/29.png","https://images.pokemontcg.io/bw10/29_hires.png","Legal",,"Legal","Colorless","1","","","","","","","Splatter","Water, Colorless","2","","This attack does 20 damage to 1 of your opponent's Pokémon. (Don't apply Weakness and Resistance for Benched Pokémon.)","","","","","","Lightning","×2"
"bw10-30","Kyurem-EX","Pokémon","180","Water","",,"30","Eske Yoshinob","Rare Holo EX",,"646",,"https://images.pokemontcg.io/bw10/30.png","https://images.pokemontcg.io/bw10/30_hires.png","Legal",,"Legal","Colorless, Colorless, Colorless","3","","","","","","","Outrage","Colorless, Colorless","2","30+","Does 10 more damage for each damage counter on this Pokémon.","Giga Frost","Water, Water, Colorless, Colorless","4","150","Discard 2 Water Energy attached to this Pokémon.","Metal","×2"
"bw10-31","Tynamo","Pokémon","30","Lightning","Eelektrik",,"31","Shigenori Negishi","Common","One alone can emit only a trickle of electricity, so a group of them gathers to unleash a powerful electric shock.","602",,"https://images.pokemontcg.io/bw10/31.png","https://images.pokemontcg.io/bw10/31_hires.png","Legal",,"Legal","Colorless","1","","","","","","","Razor Fin","Lightning","1","20","","","","","","","Fighting","×2"
"bw10-32","Eelektrik","Pokémon","80","Lightning","Eelektross","Tynamo","32","Suwama Chiaki","Uncommon","It wraps itself around its prey and paralyzes it with electricity from the round spots on its sides. Then it chomps.","603",,"https://images.pokemontcg.io/bw10/32.png","https://images.pokemontcg.io/bw10/32_hires.png","Legal",,"Legal","Colorless","1","","","","","","","Thunder Wave","Lightning","1","20","Flip a coin. If heads, the Defending Pokémon is now Paralyzed.","Headbutt","Colorless, Colorless","2","30","","Fighting","×2"
"bw10-33","Eelektross","Pokémon","140","Lightning","","Eelektrik","33","5ban Graphics","Rare Holo","It latches on to prey with its sucker mouth, sinking in its fangs and shocking the prey with powerful electricity.","604",,"https://images.pokemontcg.io/bw10/33.png","https://images.pokemontcg.io/bw10/33_hires.png","Legal",,"Legal","Colorless, Colorless, Colorless","3","","","","","","","Crush and Burn","Lightning, Colorless","2","30×","Discard as many Energy attached to your Pokémon as you like. This attack does 30 damage times the number of Energy cards you discarded.","Thunder Tempest","Lightning, Colorless, Colorless, Colorless","4","50×","Flip 4 coins. This attack does 50 damage times the number of heads.","Fighting","×2"
"bw10-34","Drifloon","Pokémon","70","Psychic","Drifblim",,"34","Kyoko Umemoto","Common","These Pokémon are called the ""Signpost for Wandering Spirits."" Children holding them sometimes vanish.","425",,"https://images.pokemontcg.io/bw10/34.png","https://images.pokemontcg.io/bw10/34_hires.png","Legal",,"Legal","Colorless, Colorless","2","","","","","","","Creepy Wind","Psychic","1","","Flip a coin. If heads, the Defending Pokémon is now Confused.","Wind Blast","Colorless, Colorless, Colorless","3","","This attack does 40 damage to 1 of your opponent's Benched Pokémon. (Don't apply Weakness and Resistance for Benched Pokémon.)","Darkness","×2"
"bw10-35","Drifblim","Pokémon","100","Psychic","","Drifloon","35","Akira Komayama","Rare","They carry people and Pokémon, but the wind can catch them, so there can't be a fixed destination.","426",,"https://images.pokemontcg.io/bw10/35.png","https://images.pokemontcg.io/bw10/35_hires.png","Legal",,"Legal","",,"Drifting Balloon","This Pokémon's attacks cost Colorless less for each of your opponent's Team Plasma Pokémon in play.","Ability","","","","Derail","Colorless, Colorless, Colorless","3","70","Discard a Special Energy attached to the Defending Pokémon.","","","","","","Darkness","×2"
"bw10-36","Uxie","Pokémon","60","Psychic","",,"36","Sumiyoshi Kizuki","Rare","When Uxie flew, people gained the ability to solve problems. It was the birth of knowledge.","480",,"https://images.pokemontcg.io/bw10/36.png","https://images.pokemontcg.io/bw10/36_hires.png","Legal",,"Legal","Colorless","1","","","","","","","Psypower","Psychic","1","","Put 3 damage counters on your opponent's Pokémon in any way you like.","","","","","","Psychic","×2"
"bw10-37","Mesprit","Pokémon","60","Psychic","",,"37","Ryo Ueda","Rare Holo","When Mesprit flew, people learned the joy and sadness of living. It was the birth of emotions.","481",,"https://images.pokemontcg.io/bw10/37.png","https://images.pokemontcg.io/bw10/37_hires.png","Legal",,"Legal","Colorless","1","Mental Shroud","If you have Uxie and Azelf in play, each of your Pokémon has no Weakness.","Ability","","","","Psyshot","Psychic, Colorless, Colorless","3","30","","","","","","","Psychic","×2"
"bw10-38","Azelf","Pokémon","60","Psychic","",,"38","Naoyo Kimura","Rare","When Azelf flew, people gained the determination to do things. It was the birth of willpower.","482",,"https://images.pokemontcg.io/bw10/38.png","https://images.pokemontcg.io/bw10/38_hires.png","Legal",,"Legal","Colorless","1","","","","","","","Trading Places","Colorless","1","","Switch this Pokémon with 1 of your Benched Pokémon.","Psyjamming","Psychic, Colorless, Colorless","3","","Move as many Special Energy attached to your opponent's Pokémon to your opponent's other Pokémon in any way you like.","Psychic","×2"
"bw10-39","Munna","Pokémon","60","Psychic","Musharna",,"39","Mizue","Common","This Pokémon appears before people and Pokémon who are having nightmares and eats those dreams.","517",,"https://images.pokemontcg.io/bw10/39.png","https://images.pokemontcg.io/bw10/39_hires.png","Legal",,"Legal","Colorless","1","","","","","","","Mumble","Colorless","1","10","","Focused Wish","Psychic, Colorless","2","10+","Flip a coin. If heads, this attack does 20 more damage.","Psychic","×2"
"bw10-40","Musharna","Pokémon","100","Psychic","","Munna","40","Kagemaru Himeno","Uncommon","The dream mist coming from its forehead changes into many different colors depending on the dream that was eaten.","518",,"https://images.pokemontcg.io/bw10/40.png","https://images.pokemontcg.io/bw10/40_hires.png","Legal",,"Legal","Colorless, Colorless, Colorless","3","","","","","","","Precognitive Dream","Psychic","1","","Draw 3 cards. This Pokémon is now Asleep.","Psybeam","Psychic, Colorless, Colorless","3","60","The Defending Pokémon is now Confused.","Psychic","×2"
"bw10-41","Sigilyph","Pokémon","90","Psychic","",,"41","Kagemaru Himeno","Rare Holo","The guardians of an ancient city, they always fly the same route while keeping watch for invaders.","561",,"https://images.pokemontcg.io/bw10/41.png","https://images.pokemontcg.io/bw10/41_hires.png","Legal",,"Legal","Colorless","1","Toolbox","This Pokémon may have up to 4 Pokémon Tool cards attached to it. (If this Pokémon loses this Ability, discard Pokémon Tool cards attached to this Pokémon until only 1 Pokémon Tool card remains.)","Ability","","","","Cutting Wind","Psychic, Colorless, Colorless","3","70","","","","","","","Lightning","×2"
"bw10-42","Solosis","Pokémon","30","Psychic","Duosion",,"42","Midori Harada","Common","Because their bodies are enveloped in a special liquid, they are fine in any environment, no matter how severe.","577",,"https://images.pokemontcg.io/bw10/42.png","https://images.pokemontcg.io/bw10/42_hires.png","Legal",,"Legal","Colorless","1","","","","","","","Hide","Psychic","1","","Flip a coin. If heads, prevent all effects of attacks, including damage, done to this Pokémon during your opponent's next turn.","","","","","","Psychic","×2"
"bw10-43","Duosion","Pokémon","60","Psychic","Reuniclus","Solosis","43","match","Uncommon","When their two divided brains think the same thoughts, their psychic power is maximized.","578",,"https://images.pokemontcg.io/bw10/43.png","https://images.pokemontcg.io/bw10/43_hires.png","Legal",,"Legal","Colorless","1","","","","","","","Focused Wish","Psychic, Colorless","2","20+","Flip a coin. If heads, this attack does 20 more damage.","","","","","","Psychic","×2"
"bw10-44","Reuniclus","Pokémon","100","Psychic","","Duosion","44","Kagemaru Himeno","Rare","They use psychic power to control their arms, which are made of a special liquid. They can crush boulders psychically.","579",,"https://images.pokemontcg.io/bw10/44.png","https://images.pokemontcg.io/bw10/44_hires.png","Legal",,"Legal","Colorless, Colorless","2","","","","","","","Barrier Attack","Psychic","1","30","During your opponent's next turn, any damage done to this Pokémon by attacks is reduced by 30 (after applying Weakness and Resistance).","Telekinesis of Nobility","Psychic, Colorless, Colorless","3","70","Switch this Pokémon with 1 of your Benched Pokémon.","Psychic","×2"
"bw10-45","Golett","Pokémon","80","Psychic","Golurk",,"45","Midori Harada","Common","Ancient science fashioned this Pokémon from clay. It's been active for thousands of years.","622",,"https://images.pokemontcg.io/bw10/45.png","https://images.pokemontcg.io/bw10/45_hires.png","Legal",,"Legal","Colorless, Colorless, Colorless","3","","","","","","","Beat","Colorless","1","10","","Mega Punch","Psychic, Psychic, Colorless","3","50","","Darkness","×2"
"bw10-46","Golurk","Pokémon","130","Psychic","","Golett","46","Akira Komayama","Rare Holo","Golurk were created to protect people and Pokémon. They run on a mysterious energy.","623",,"https://images.pokemontcg.io/bw10/46.png","https://images.pokemontcg.io/bw10/46_hires.png","Legal",,"Legal","Colorless, Colorless, Colorless, Colorless","4","","","","","","","Iron Fist of Justice","Colorless, Colorless","2","60","If you have any Team Plasma Pokémon in play, this attack does nothing.","Shadow Punch","Psychic, Psychic, Colorless, Colorless","4","80","This attack's damage isn't affected by Resistance.","Darkness","×2"
"bw10-47","Machop","Pokémon","60","Fighting","Machoke",,"47","sui","Common","Though small in stature, it is powerful enough to easily heft and throw a number of Geodude at once.","66",,"https://images.pokemontcg.io/bw10/47.png","https://images.pokemontcg.io/bw10/47_hires.png","Legal",,"Legal","Colorless, Colorless, Colorless","3","","","","","","","Low Kick","Fighting, Colorless","2","30","","","","","","","Psychic","×2"
"bw10-48","Machoke","Pokémon","90","Fighting","Machamp","Machop","48","match","Uncommon","It happily carries heavy cargo to toughen up. It willingly does hard work for people.","67",,"https://images.pokemontcg.io/bw10/48.png","https://images.pokemontcg.io/bw10/48_hires.png","Legal",,"Legal","Colorless, Colorless, Colorless","3","","","","","","","Last-Chance Chop","Colorless","1","20+","If this Pokémon's remaining HP is 10, this attack does 70 more damage.","Seismic Toss","Fighting, Fighting, Colorless","3","60","","Psychic","×2"
"bw10-49","Machamp","Pokémon","150","Fighting","","Machoke","49","Naoki Saito","Rare Holo","Its four muscled arms slam foes with powerful punches and chops at blinding speed.","68",,"https://images.pokemontcg.io/bw10/49.png","https://images.pokemontcg.io/bw10/49_hires.png","Legal",,"Legal","Colorless, Colorless, Colorless","3","Badge of Discipline","The damage of each of your Fighting Pokémon's attacks isn't affected by Resistance.","Ability","","","","Close Combat","Fighting, Colorless, Colorless, Colorless","4","120","Flip a coin. If tails, during your opponent's next turn, any damage done to this Pokémon by attacks is increased by 30 (after applying Weakness and Resistance).","","","","","","Psychic","×2"
"bw10-50","Machamp","Pokémon","140","Fighting","","Machoke","50","Kouki Saitou","Rare","Its four muscled arms slam foes with powerful punches and chops at blinding speed.","68",,"https://images.pokemontcg.io/bw10/50.png","https://images.pokemontcg.io/bw10/50_hires.png","Legal",,"Legal","Colorless, Colorless, Colorless","3","","","","","","","Knock Off","Fighting, Colorless, Colorless","3","60","Discard a random card from your opponent's hand.","Reinforced Lariat","Fighting, Fighting, Colorless, Colorless","4","80+","If this Pokémon has a Pokémon Tool card attached to it, this attack does 40 more damage.","Psychic","×2"
"bw10-51","Throh","Pokémon","100","Fighting","",,"51","Naoki Saito","Common","When it encounters a foe bigger than itself, it wants to throw it. It changes belts as it gets stronger.","538",,"https://images.pokemontcg.io/bw10/51.png","https://images.pokemontcg.io/bw10/51_hires.png","Legal",,"Legal","Colorless, Colorless, Colorless","3","","","","","","","Freestyle Strike","Fighting, Colorless","2","30×","Flip 2 coins. This attack does 30 damage times the number of heads.","Shoulder Throw","Fighting, Colorless, Colorless","3","80-","Does 80 damage minus 20 damage for each Colorless in the Defending Pokémon's Retreat Cost.","Psychic","×2"
"bw10-52","Sawk","Pokémon","90","Fighting","",,"52","Naoki Saito","Common","Desiring the strongest karate chop, they seclude themselves in mountains and train without sleeping.","539",,"https://images.pokemontcg.io/bw10/52.png","https://images.pokemontcg.io/bw10/52_hires.png","Legal",,"Legal","Colorless","1","","","","","","","Kick of Righteousness","Colorless","1","10+","If the Defending Pokémon is a Team Plasma Pokémon, this attack does 40 more damage.","Low Sweep","Fighting, Colorless, Colorless","3","60","","Psychic","×2"
"bw10-53","Archen","Pokémon","70","Fighting","Archeops","Plume Fossil","53","Mizue","Uncommon","It was revived from an ancient fossil. Not able to fly, it lived in treetops and hopped from one branch to another.","566",,"https://images.pokemontcg.io/bw10/53.png","https://images.pokemontcg.io/bw10/53_hires.png","Legal",,"Legal","Colorless","1","Prehistoric Call","Once during your turn (before your attack), if this Pokémon is in your discard pile, you may put this Pokémon on the bottom of your deck.","Ability","","","","Wing Attack","Colorless, Colorless","2","20","","","","","","","Grass","×2"
"bw10-54","Archeops","Pokémon","120","Fighting","","Archen","54","Kouki Saitou","Rare Holo","It runs better than it flies. It takes off into the sky by running at a speed of 25 mph.","567",,"https://images.pokemontcg.io/bw10/54.png","https://images.pokemontcg.io/bw10/54_hires.png","Legal",,"Legal","",,"","","","","","","Acrobatics","Fighting","1","20+","Flip 2 coins. This attack does 20 more damage for each heads.","Swift Dive","Fighting, Fighting","2","100","If this Pokémon's remaining HP is 50 or less, this attack's base damage is 50.","Grass","×2"
"bw10-55","Houndour","Pokémon","60","Darkness","Houndoom",,"55","Sumiyoshi Kizuki","Common","It is smart enough to hunt in packs. It uses a variety of cries for communicating with others.","228",,"https://images.pokemontcg.io/bw10/55.png","https://images.pokemontcg.io/bw10/55_hires.png","Legal",,"Legal","Colorless","1","","","","","","","Roar","Colorless","1","","Your opponent switches the Defending Pokémon with 1 of his or her Benched Pokémon.","Ambush","Darkness, Colorless","2","20+","Flip a coin. If heads, this attack does 10 more damage.","Fighting","×2"
"bw10-56","Houndoom","Pokémon","100","Darkness","","Houndour","56","Shin Nagasawa","Rare Holo","The flames it breathes when angry contain toxins. If they cause a burn, it will hurt forever.","229",,"https://images.pokemontcg.io/bw10/56.png","https://images.pokemontcg.io/bw10/56_hires.png","Legal",,"Legal","Colorless","1","","","","","","","Dark Clamp","Darkness, Colorless","2","30","The Defending Pokémon can't retreat during your opponent's next turn.","Blazing Claws","Darkness, Colorless, Colorless","3","60+","If the Defending Pokémon is a Team Plasma Pokémon, this attack does 60 more damage, and the Defending Pokémon is now Burned.","Fighting","×2"
"bw10-57","Aron","Pokémon","60","Metal","Lairon",,"57","Shigenori Negishi","Common","In order to build up its steel body, it eats iron ore. This pesky Pokémon is known to eat railroad tracks.","304",,"https://images.pokemontcg.io/bw10/57.png","https://images.pokemontcg.io/bw10/57_hires.png","Legal",,"Legal","Colorless, Colorless","2","","","","","","","Iron Head","Metal","1","10×","Flip a coin until you get tails. This attack does 10 damage times the number of heads.","Headbutt","Metal, Colorless, Colorless","3","30","","Fire","×2"
"bw10-58","Lairon","Pokémon","90","Metal","Aggron","Aron","58","Masakazu Fukuda","Uncommon","Lairon fight over territory, and when their steel bodies collide, sparks fly.","305",,"https://images.pokemontcg.io/bw10/58.png","https://images.pokemontcg.io/bw10/58_hires.png","Legal",,"Legal","Colorless, Colorless, Colorless, Colorless","4","","","","","","","Metal Claw","Metal","1","20","","Iron Head","Metal, Colorless, Colorless","3","50×","Flip a coin until you get tails. This attack does 50 damage times the number of heads.","Fire","×2"
"bw10-59","Aggron","Pokémon","140","Metal","","Lairon","59","Kouki Saitou","Rare","It claims an entire mountain as its own. The more wounds it has, the more it has battled, so don't take it lightly.","306",,"https://images.pokemontcg.io/bw10/59.png","https://images.pokemontcg.io/bw10/59_hires.png","Legal",,"Legal","Colorless, Colorless, Colorless, Colorless","4","","","","","","","Knock Back","Metal, Colorless","2","50","Your opponent switches the Defending Pokémon with 1 of his or her Benched Pokémon.","Aura of the Land","Metal, Metal, Colorless, Colorless","4","80","Does 20 damage to each Benched Pokémon (both yours and your opponent's). (Don't apply Weakness and Resistance for Benched Pokémon.)","Fire","×2"
"bw10-60","Jirachi-EX","Pokémon","90","Metal","",,"60","Ryo Ueda","Rare Holo EX",,"385",,"https://images.pokemontcg.io/bw10/60.png","https://images.pokemontcg.io/bw10/60_hires.png","Legal",,"Legal","Colorless","1","Stellar Guidance","When you play this Pokémon from your hand onto your Bench, you may search your deck for a Supporter card, reveal it, and put it into your hand. Shuffle your deck afterward.","Ability","","","","Hypnostrike","Metal, Colorless, Colorless","3","60","Both this Pokémon and the Defending Pokémon are now Asleep.","","","","","","Fire","×2"
"bw10-61","Escavalier","Pokémon","100","Metal","","Karrablast","61","5ban Graphics","Rare","Wearing the shell covering they stole from Shelmet, they defend themselves and attack with two lances.","589",,"https://images.pokemontcg.io/bw10/61.png","https://images.pokemontcg.io/bw10/61_hires.png","Legal",,"Legal","Colorless, Colorless, Colorless","3","","","","","","","Steamroll","Metal, Colorless","2","40","Does 20 damage to 1 of your opponent's Benched Pokémon. (Don't apply Weakness and Resistance for Benched Pokémon.)","Slashing Strike","Metal, Colorless, Colorless","3","80","This Pokémon can't use Slashing Strike during your next turn.","Fire","×2"
"bw10-62","Bagon","Pokémon","50","Dragon","Shelgon",,"62","Kouki Saitou","Common","Dreaming of one day flying, it practices by leaping off cliffs every day.","371",,"https://images.pokemontcg.io/bw10/62.png","https://images.pokemontcg.io/bw10/62_hires.png","Legal",,"Legal","Colorless","1","","","","","","","Headbutt","Colorless","1","10","","Dragon Claw","Fire, Water","2","20","","Dragon","×2"
"bw10-63","Shelgon","Pokémon","80","Dragon","Salamence","Bagon","63","Akira Komayama","Uncommon","Within its rugged shell, its cells have begun changing. The shell peels off the instant it evolves.","372",,"https://images.pokemontcg.io/bw10/63.png","https://images.pokemontcg.io/bw10/63_hires.png","Legal",,"Legal","Colorless, Colorless, Colorless","3","","","","","","","Knock Away","Colorless","1","10+","Flip a coin. If heads, this attack does 20 more damage.","Rollout","Fire, Water, Colorless","3","50","","Dragon","×2"
"bw10-64","Salamence","Pokémon","150","Dragon","","Shelgon","64","Naoki Saito","Rare Holo","As a result of its long-held dream of flying, its cellular structure changed, and wings grew out.","373",,"https://images.pokemontcg.io/bw10/64.png","https://images.pokemontcg.io/bw10/64_hires.png","Legal",,"Legal","Colorless, Colorless, Colorless, Colorless","4","Breakwing","When you play this Pokémon from your hand to evolve 1 of your Pokémon, you may discard all Pokémon Tool cards attached to each of your opponent's Pokémon.","Ability","","","","Gaia Crush","Fire, Water, Colorless, Colorless","4","100","Discard any Stadium card in play.","","","","","","Dragon","×2"
"bw10-65","Dialga-EX","Pokémon","180","Dragon","",,"65","Eske Yoshinob","Rare Holo EX",,"483",,"https://images.pokemontcg.io/bw10/65.png","https://images.pokemontcg.io/bw10/65_hires.png","Legal",,"Legal","Colorless, Colorless","2","","","","","","","Reverse Edge","Psychic, Metal, Colorless","3","50","Flip a coin. If heads, put a card from your discard pile into your hand.","Fast Forward","Colorless, Colorless, Colorless, Colorless","4","90","For each Plasma Energy attached to this Pokémon, discard the top card of your opponent's deck.","Dragon","×2"
"bw10-66","Palkia-EX","Pokémon","180","Dragon","",,"66","Eske Yoshinob","Rare Holo EX",,"484",,"https://images.pokemontcg.io/bw10/66.png","https://images.pokemontcg.io/bw10/66_hires.png","Legal",,"Legal","Colorless, Colorless","2","","","","","","","Strafe","Colorless, Colorless, Colorless","3","50","You may switch this Pokémon with 1 of your Benched Pokémon.","Dimension Heal","Grass, Water, Colorless, Colorless","4","80","Heal from this Pokémon 20 damage for each Plasma Energy attached to this Pokémon.","Dragon","×2"
"bw10-67","Axew","Pokémon","50","Dragon","Fraxure",,"67","sui","Common","Its large tusks have a tendency to break, but each time they grow back, they grow in harder and sturdier.","610",,"https://images.pokemontcg.io/bw10/67.png","https://images.pokemontcg.io/bw10/67_hires.png","Legal",,"Legal","Colorless","1","","","","","","","Strong Bond","Colorless","1","","Search your deck for a Supporter card named Iris, reveal it, and put it into your hand. Shuffle your deck afterward.","Dragon Claw","Fighting, Metal","2","20","","Dragon","×2"
"bw10-68","Fraxure","Pokémon","80","Dragon","Haxorus","Axew","68","Masakazu Fukuda","Uncommon","A broken tusk will not grow back, so it diligently sharpens its tusks on river rocks after the end of a battle.","611",,"https://images.pokemontcg.io/bw10/68.png","https://images.pokemontcg.io/bw10/68_hires.png","Legal",,"Legal","Colorless, Colorless","2","","","","","","","Paralyzing Gaze","Colorless","1","","Flip a coin. If heads, the Defending Pokémon is now Paralyzed.","Dragon Claw","Fighting, Metal","2","40","","Dragon","×2"
"bw10-69","Haxorus","Pokémon","140","Dragon","","Fraxure","69","Kouki Saitou","Rare Holo","Its tusks are incredibly destructive. They can easily slice through a thick, sturdy steel column every time.","612",,"https://images.pokemontcg.io/bw10/69.png","https://images.pokemontcg.io/bw10/69_hires.png","Legal",,"Legal","Colorless, Colorless","2","","","","","","","Dragonaxe","Metal","1","40×","Does 40 damage times the amount of Metal Energy attached to this Pokémon.","Strike of the Champion","Fighting, Metal","2","","If the Defending Pokémon is a Team Plasma Pokémon, it is Knocked Out. (If the Defending Pokémon is not a Team Plasma Pokémon, this attack does nothing.)","Dragon","×2"
"bw10-70","Druddigon","Pokémon","100","Dragon","",,"70","Kouki Saitou","Common","It runs through the narrow tunnels formed by Excadrill and Onix. It uses its sharp claws to catch prey.","621",,"https://images.pokemontcg.io/bw10/70.png","https://images.pokemontcg.io/bw10/70_hires.png","Legal",,"Legal","Colorless","1","","","","","","","Big Swing","Fire","1","40","Flip 2 coins. If either of them is tails, this attack does nothing.","Shred","Water, Colorless, Colorless","3","60","This attack's damage isn't affected by any effects on the Defending Pokémon.","Dragon","×2"
"bw10-71","Kangaskhan","Pokémon","100","Colorless","",,"71","Kouki Saitou","Common","It raises its offspring in its belly pouch. It lets the baby play only when it feels safe.","115",,"https://images.pokemontcg.io/bw10/71.png","https://images.pokemontcg.io/bw10/71_hires.png","Legal",,"Legal","Colorless, Colorless","2","","","","","","","Call for Family","Colorless","1","","Search your deck for 2 Basic Pokémon and put them onto your Bench. Shuffle your deck afterward.","Comet Punch","Colorless, Colorless","2","20×","Flip 4 coins. This attack does 20 damage times the number of heads.","Fighting","×2"
"bw10-72","Porygon","Pokémon","60","Colorless","Porygon2",,"72","Mitsuhiro Arita","Common","A man-made Pokémon created using advanced scientific means. It can move freely in cyberspace.","137",,"https://images.pokemontcg.io/bw10/72.png","https://images.pokemontcg.io/bw10/72_hires.png","Legal",,"Legal","Colorless","1","","","","","","","Tackle","Colorless","1","10","","","","","","","Fighting","×2"
"bw10-73","Porygon2","Pokémon","80","Colorless","Porygon-Z","Porygon","73","HiRON","Uncommon","It was upgraded to enable the exploration of other planets. However, it failed to measure up.","233",,"https://images.pokemontcg.io/bw10/73.png","https://images.pokemontcg.io/bw10/73_hires.png","Legal",,"Legal","Colorless","1","","","","","","","Destructive Beam","Colorless, Colorless","2","30","Flip a coin. If heads, discard an Energy attached to the Defending Pokémon.","","","","","","Fighting","×2"
"bw10-74","Porygon-Z","Pokémon","130","Colorless","","Porygon2","74","5ban Graphics","Rare Holo","Its programming was modified to enable work in alien dimensions. It did not work as planned.","474",,"https://images.pokemontcg.io/bw10/74.png","https://images.pokemontcg.io/bw10/74_hires.png","Legal",,"Legal","Colorless","1","Plasma Transfer","As often as you like during your turn (before your attack), you may move a Plasma Energy attached to 1 of your Pokémon to another of your Pokémon.","Ability","","","","Tri Attack","Colorless, Colorless, Colorless","3","50×","Flip 3 coins. This attack does 50 damage times the number of heads.","","","","","","Fighting","×2"
"bw10-75","Teddiursa","Pokémon","70","Colorless","Ursaring",,"75","Naoyo Kimura","Common","It lets honey soak into its paws so it can lick them all the time. Every set of paws tastes unique.","216",,"https://images.pokemontcg.io/bw10/75.png","https://images.pokemontcg.io/bw10/75_hires.png","Legal",,"Legal","Colorless, Colorless","2","","","","","","","Fury Swipes","Colorless, Colorless","2","10×","Flip 3 coins. This attack does 10 damage times the number of heads.","","","","","","Fighting","×2"
"bw10-76","Ursaring","Pokémon","130","Colorless","","Teddiursa","76","5ban Graphics","Uncommon","In its territory, it leaves scratches on trees that bear delicious berries or fruits.","217",,"https://images.pokemontcg.io/bw10/76.png","https://images.pokemontcg.io/bw10/76_hires.png","Legal",,"Legal","Colorless, Colorless, Colorless","3","","","","","","","Adrenalash","Colorless, Colorless, Colorless","3","50","During your next turn, each of this Pokémon's attacks does 50 more damage (before applying Weakness and Resistance).","Strength","Colorless, Colorless, Colorless, Colorless","4","80","","Fighting","×2"
"bw10-77","Chatot","Pokémon","60","Colorless","",,"77","5ban Graphics","Uncommon","Its tongue is just like a human's. As a result, it can cleverly mimic human speech.","441",,"https://images.pokemontcg.io/bw10/77.png","https://images.pokemontcg.io/bw10/77_hires.png","Legal",,"Legal","Colorless","1","","","","","","","Misinformation","Colorless","1","","Discard all Pokémon Tool cards attached to each of your opponent's Pokémon.","Tone-Deaf","Colorless, Colorless","2","20","The Defending Pokémon is now Confused.","Lightning","×2"
"bw10-78","Caitlin","Trainer",,"","",,"78","Yusuke Ohmura","Uncommon",,"",,"https://images.pokemontcg.io/bw10/78.png","https://images.pokemontcg.io/bw10/78_hires.png","Legal",,"Legal","",,"","","","","","","","","","","","","","","","",,
"bw10-79","Cover Fossil","Trainer",,"","",,"79","Ryo Ueda","Uncommon",,"",,"https://images.pokemontcg.io/bw10/79.png","https://images.pokemontcg.io/bw10/79_hires.png","Legal",,"Legal","",,"","","","","","","","","","","","","","","","",,
"bw10-80","Energy Retrieval","Trainer",,"","",,"80","Kent Kanetsuna","Uncommon",,"",,"https://images.pokemontcg.io/bw10/80.png","https://images.pokemontcg.io/bw10/80_hires.png","Legal","Legal","Legal","",,"","","","","","","","","","","","","","","","",,
"bw10-81","Iris","Trainer",,"","",,"81","Yusuke Ohmura","Uncommon",,"",,"https://images.pokemontcg.io/bw10/81.png","https://images.pokemontcg.io/bw10/81_hires.png","Legal",,"Legal","",,"","","","","","","","","","","","","","","","",,
"bw10-82","Plume Fossil","Trainer",,"","",,"82","Ryo Ueda","Uncommon",,"",,"https://images.pokemontcg.io/bw10/82.png","https://images.pokemontcg.io/bw10/82_hires.png","Legal",,"Legal","",,"","","","","","","","","","","","","","","","",,
"bw10-83","Pokémon Catcher","Trainer",,"","",,"83","5ban Graphics","Uncommon",,"",,"https://images.pokemontcg.io/bw10/83.png","https://images.pokemontcg.io/bw10/83_hires.png","Legal","Legal","Legal","",,"","","","","","","","","","","","","","","","",,
"bw10-84","Professor Juniper","Trainer",,"","",,"84","Ken Sugimori","Uncommon",,"",,"https://images.pokemontcg.io/bw10/84.png","https://images.pokemontcg.io/bw10/84_hires.png","Legal",,"Legal","",,"","","","","","","","","","","","","","","","",,
"bw10-85","Rare Candy","Trainer",,"","",,"85","Ryo Ueda","Uncommon",,"",,"https://images.pokemontcg.io/bw10/85.png","https://images.pokemontcg.io/bw10/85_hires.png","Legal","Legal","Legal","",,"","","","","","","","","","","","","","","","",,
"bw10-86","Reversal Trigger","Trainer",,"","",,"86","5ban Graphics","Uncommon",,"",,"https://images.pokemontcg.io/bw10/86.png","https://images.pokemontcg.io/bw10/86_hires.png","Legal",,"Legal","",,"","","","","","","","","","","","","","","","",,
"bw10-87","Root Fossil Lileep","Trainer",,"","",,"87","5ban Graphics","Uncommon",,"",,"https://images.pokemontcg.io/bw10/87.png","https://images.pokemontcg.io/bw10/87_hires.png","Legal",,"Legal","",,"","","","","","","","","","","","","","","","",,
"bw10-88","Silver Bangle","Trainer",,"","",,"88","5ban Graphics","Uncommon",,"",,"https://images.pokemontcg.io/bw10/88.png","https://images.pokemontcg.io/bw10/88_hires.png","Legal",,"Legal","",,"","","","","","","","","","","","","","","","",,
"bw10-89","Silver Mirror","Trainer",,"","",,"89","5ban Graphics","Uncommon",,"",,"https://images.pokemontcg.io/bw10/89.png","https://images.pokemontcg.io/bw10/89_hires.png","Legal",,"Legal","",,"","","","","","","","","","","","","","","","",,
"bw10-90","Ultra Ball","Trainer",,"","",,"90","5ban Graphics","Uncommon",,"",,"https://images.pokemontcg.io/bw10/90.png","https://images.pokemontcg.io/bw10/90_hires.png","Legal","Legal","Legal","",,"","","","","","","","","","","","","","","","",,
"bw10-91","Plasma Energy","Energy",,"","",,"91","5ban Graphics","Uncommon",,"",,"https://images.pokemontcg.io/bw10/91.png","https://images.pokemontcg.io/bw10/91_hires.png","Legal",,"Legal","",,"","","","","","","","","","","","","","","","",,
"bw10-92","G Booster","Trainer",,"","",,"92","5ban Graphics","Rare ACE",,"",,"https://images.pokemontcg.io/bw10/92.png","https://images.pokemontcg.io/bw10/92_hires.png","Legal",,"Legal","",,"","","","","","","G Booster","Grass, Grass, Colorless","3","200","Discard 2 Energy attached to this Pokémon. This attack's damage isn't affected by any effects on the Defending Pokémon.","","","","","",,
"bw10-93","G Scope","Trainer",,"","",,"93","5ban Graphics","Rare ACE",,"",,"https://images.pokemontcg.io/bw10/93.png","https://images.pokemontcg.io/bw10/93_hires.png","Legal",,"Legal","",,"","","","","","","G Scope","Grass, Grass, Colorless","3","","This attack does 100 damage to 1 of your opponent's Benched Pokémon. (Don't apply Weakness or Resistance for Benched Pokémon.)","","","","","",,
"bw10-94","Master Ball","Trainer",,"","",,"94","5ban Graphics","Rare ACE",,"",,"https://images.pokemontcg.io/bw10/94.png","https://images.pokemontcg.io/bw10/94_hires.png","Legal","Legal","Legal","",,"","","","","","","","","","","","","","","","",,
"bw10-95","Scoop Up Cyclone","Trainer",,"","",,"95","5ban Graphics","Rare ACE",,"",,"https://images.pokemontcg.io/bw10/95.png","https://images.pokemontcg.io/bw10/95_hires.png","Legal",,"Legal","",,"","","","","","","","","","","","","","","","",,
"bw10-96","Virizion-EX","Pokémon","170","Grass","",,"96","Ryo Ueda","Rare Ultra",,"640",,"https://images.pokemontcg.io/bw10/96.png","https://images.pokemontcg.io/bw10/96_hires.png","Legal",,"Legal","Colorless","1","Verdant Wind","Each of your Pokémon that has any Grass Energy attached to it can't be affected by any Special Conditions. (Remove any Special Conditions affecting those Pokémon.)","Ability","","","","Emerald Slash","Grass, Colorless","2","50","You may search your deck for 2 Grass Energy cards and attach them to 1 of your Benched Pokémon. Shuffle your deck afterward.","","","","","","Fire","×2"
"bw10-97","Genesect-EX","Pokémon","170","Grass","",,"97","5ban Graphics","Rare Ultra",,"649",,"https://images.pokemontcg.io/bw10/97.png","https://images.pokemontcg.io/bw10/97_hires.png","Legal",,"Legal","Colorless","1","Red Signal","When you attach a Plasma Energy from your hand to this Pokémon, you may switch 1 of your opponent's Benched Pokémon with his or her Active Pokémon.","Ability","","","","Megalo Cannon","Grass, Grass, Colorless","3","100","Does 20 damage to 1 of your opponent's Benched Pokémon. (Don't apply Weakness or Resistance for Benched Pokémon.)","","","","","","Fire","×2"
"bw10-98","Jirachi-EX","Pokémon","90","Metal","",,"98","5ban Graphics","Rare Ultra",,"385",,"https://images.pokemontcg.io/bw10/98.png","https://images.pokemontcg.io/bw10/98_hires.png","Legal",,"Legal","Colorless","1","Stellar Guidance","When you play this Pokémon from your hand onto your Bench, you may search your deck for a Supporter card, reveal it, and put it into your hand. Shuffle your deck afterward.","Ability","","","","Hypnostrike","Metal, Colorless, Colorless","3","60","Both this Pokémon and the Defending Pokémon are now Asleep.","","","","","","Fire","×2"
"bw10-99","Dialga-EX","Pokémon","180","Dragon","",,"99","5ban Graphics","Rare Ultra",,"483",,"https://images.pokemontcg.io/bw10/99.png","https://images.pokemontcg.io/bw10/99_hires.png","Legal",,"Legal","Colorless, Colorless","2","","","","","","","Reverse Edge","Psychic, Metal, Colorless","3","50","Flip a coin. If heads, put a card from your discard pile into your hand.","Fast Forward","Colorless, Colorless, Colorless, Colorless","4","90","For each Plasma Energy attached to this Pokémon, discard the top card of your opponent's deck.","Dragon","×2"
"bw10-100","Palkia-EX","Pokémon","180","Dragon","",,"100","5ban Graphics","Rare Ultra",,"484",,"https://images.pokemontcg.io/bw10/100.png","https://images.pokemontcg.io/bw10/100_hires.png","Legal",,"Legal","Colorless, Colorless","2","","","","","","","Strafe","Colorless, Colorless, Colorless","3","50","You may switch this Pokémon with 1 of your Benched Pokémon.","Dimension Heal","Grass, Water, Colorless, Colorless","4","80","Heal from this Pokémon 20 damage for each Plasma Energy attached to this Pokémon.","Dragon","×2"
"bw10-101","Iris","Trainer",,"","",,"101","Kagemaru Himeno","Rare Ultra",,"",,"https://images.pokemontcg.io/bw10/101.png","https://images.pokemontcg.io/bw10/101_hires.png","Legal",,"Legal","",,"","","","","","","","","","","","","","","","",,
"bw10-102","Exeggcute","Pokémon","30","Grass","Exeggutor",,"102","5ban Graphics","Rare Secret","This extremely rare Pokémon is a different color than usual. It is very hard to find.","102",,"https://images.pokemontcg.io/bw10/102.png","https://images.pokemontcg.io/bw10/102_hires.png","Legal",,"Legal","Colorless","1","Propagation","Once during your turn (before your attack), if this Pokémon is in your discard pile, you may put this Pokémon into your hand.","Ability","","","","Seed Bomb","Grass, Colorless","2","20","","","","","","","Fire","×2"
"bw10-103","Virizion","Pokémon","110","Grass","",,"103","Ayaka Yoshida","Rare Secret","This extremely rare Pokémon is a different color than usual. It is very hard to find.","640",,"https://images.pokemontcg.io/bw10/103.png","https://images.pokemontcg.io/bw10/103_hires.png","Legal",,"Legal","Colorless","1","","","","","","","Double Draw","Colorless","1","","Draw 2 cards.","Leaf Wallop","Grass, Colorless","2","40","During your next turn, this Pokémon's Leaf Wallop does 40 more damage (before applying Weakness and Resistance).","Fire","×2"
"bw10-104","Dusknoir","Pokémon","130","Psychic","","Dusclops","104","Ayaka Yoshida","Rare Secret","This extremely rare Pokémon is a different color than usual. It is very hard to find.","477",,"https://images.pokemontcg.io/bw10/104.png","https://images.pokemontcg.io/bw10/104_hires.png","Legal",,"Legal","Colorless, Colorless, Colorless","3","Sinister Hand","As often as you like during your turn (before your attack), you may move 1 damage counter from 1 of your opponent's Pokémon to another of your opponent's Pokémon.","Ability","","","","Shadow Punch","Psychic, Colorless, Colorless, Colorless","4","60","This attack's damage isn't affected by Resistance.","","","","","","Darkness","×2"
"bw10-105","Rare Candy","Trainer",,"","",,"105","5ban Graphics","Rare Secret",,"",,"https://images.pokemontcg.io/bw10/105.png","https://images.pokemontcg.io/bw10/105_hires.png","Legal","Legal","Legal","",,"","","","","","","","","","","","","","","","",,
